"","time","amt_gut","conc_plas","conc_inter","conc_muscle"
"1",0,4.375,4.20626222222222,4.206262,130.1552925
"2",1,4.375,4.20626219202765,4.20626163607173,130.155292657151
"3",2,4.375,4.20626215257285,4.2062615683619,130.155292692638
"4",3,4.375,4.2062621139142,4.2062615608749,130.155292702894
"5",4,4.375,4.20626207785665,4.20626156613909,130.155292707359
"6",5,4.375,4.20626204460579,4.2062615736405,130.155292710374
"7",6,4.375,4.20626201402564,4.20626158111375,130.155292712907
"8",7,4.375,4.20626198591092,4.20626158810877,130.155292715183
"9",8,4.375,4.20626196004429,4.20626159457093,130.155292717266
"10",9,4.375,4.20626193626449,4.20626160052051,130.155292719177
"11",10,4.375,4.20626191441209,4.20626160598986,130.155292720931
"12",11,4.375,4.20626189433392,4.20626161101499,130.155292722543
"13",12,4.375,4.20626187588694,4.20626161563145,130.155292724023
"14",13,4.375,4.20626185893899,4.2062616198725,130.155292725383
"15",14,4.375,4.20626184336836,4.20626162376877,130.155292726632
"16",15,4.375,4.20626182906316,4.20626162734835,130.155292727779
"17",16,4.375,4.20626181592056,4.20626163063699,130.155292728832
"18",17,4.375,4.20626180384607,4.20626163365834,130.155292729799
"19",18,4.375,4.2062617927529,4.20626163643412,130.155292730687
"20",19,4.375,4.20626178256128,4.20626163898429,130.155292731503
"21",20,4.375,4.20626177319794,4.20626164132718,130.155292732251
"22",21,4.375,4.20626176459557,4.20626164347964,130.155292732939
"23",22,4.375,4.20626175669232,4.20626164545714,130.15529273357
"24",23,4.375,4.20626174943138,4.20626164727391,130.155292734149
"25",24,4.375,4.20626174276053,4.206261648943,130.155292734681
"26",25,4.375,4.20626173663182,4.20626165047643,130.155292735169
"27",26,4.375,4.2062617310012,4.20626165188521,130.155292735617
"28",27,4.375,4.20626172582817,4.20626165317947,130.155292736028
"29",28,4.375,4.20626172107555,4.20626165436853,130.155292736406
"30",29,4.375,4.20626171670917,4.20626165546093,130.155292736752
"31",30,4.375,4.20626171269765,4.20626165646453,130.155292737069
"32",31,4.375,4.20626170901213,4.20626165738655,130.15529273736
"33",32,4.375,4.20626170562613,4.20626165823361,130.155292737628
"34",33,4.375,4.2062617025153,4.20626165901181,130.155292737873
"35",34,4.375,4.20626169965727,4.20626165972675,130.155292738097
"36",35,4.375,4.20626169703151,4.20626166038356,130.155292738303
"37",36,4.375,4.20626169461914,4.20626166098697,130.155292738492
"38",37,4.375,4.2062616924028,4.20626166154132,130.155292738665
"39",38,4.375,4.20626169036658,4.20626166205061,130.155292738823
"40",39,4.375,4.20626168844661,4.20626166253079,130.155292738972
"41",40,4.375,4.2062616868018,4.20626166294212,130.155292739099
"42",41,4.375,4.2062616852852,4.20626166332137,130.155292739215
"43",42,4.375,4.20626168388682,4.20626166367103,130.155292739322
"44",43,4.375,4.20626168259744,4.20626166399341,130.155292739421
"45",44,4.375,4.20626168140855,4.20626166429065,130.155292739511
"46",45,4.375,4.20626168031234,4.20626166456469,130.155292739593
"47",46,4.375,4.20626167930156,4.20626166481735,130.155292739669
"48",47,4.375,4.20626167836957,4.2062616650503,130.155292739739
"49",48,4.375,4.20626167751021,4.20626166526507,130.155292739802
"50",49,4.375,4.20626167671783,4.20626166546308,130.15529273986
"51",50,4.375,4.20626167598721,4.20626166564563,130.155292739914
"52",51,4.375,4.20626167531353,4.20626166581394,130.155292739962
"53",52,4.375,4.20626167469235,4.2062616659691,130.155292740007
"54",53,4.375,4.20626167411957,4.20626166611216,130.155292740047
"55",54,4.375,4.20626167359144,4.20626166624404,130.155292740084
"56",55,4.375,4.20626167310445,4.20626166636562,130.155292740118
"57",56,4.375,4.20626167265542,4.20626166647771,130.155292740148
"58",57,4.375,4.20626167224137,4.20626166658104,130.155292740176
"59",58,4.375,4.20626167185959,4.2062616666763,130.155292740201
"60",59,4.375,4.20626167150755,4.20626166676411,130.155292740224
"61",60,4.375,4.20626167118294,4.20626166684506,130.155292740244
"62",61,4.375,4.20626167088361,4.20626166691968,130.155292740263
"63",62,4.375,4.20626167060761,4.20626166698847,130.155292740279
"64",63,4.375,4.2062616703531,4.20626166705187,130.155292740294
"65",64,4.375,4.20626167011842,4.20626166711032,130.155292740307
"66",65,4.375,4.20626166990202,4.20626166716419,130.155292740319
"67",66,4.375,4.20626166970246,4.20626166721384,130.155292740329
"68",67,4.375,4.20626166951845,4.20626166725961,130.155292740339
"69",68,4.375,4.20626166934877,4.20626166730179,130.155292740347
"70",69,4.375,4.2062616691923,4.20626166734066,130.155292740354
"71",70,4.375,4.206261669048,4.20626166737649,130.155292740359
"72",71,4.375,4.20626166891494,4.2062616674095,130.155292740365
"73",72,4.375,4.20626166879224,4.20626166743992,130.155292740369
"74",73,4.375,4.20626166867908,4.20626166746796,130.155292740372
"75",74,4.375,4.20626166857473,4.20626166749379,130.155292740375
"76",75,4.375,4.2062616684785,4.20626166751759,130.155292740377
"77",76,4.375,4.20626166838975,4.20626166753951,130.155292740379
"78",77,4.375,4.2062616683079,4.20626166755971,130.15529274038
"79",78,4.375,4.20626166823241,4.20626166757831,130.15529274038
"80",79,4.375,4.2062616681628,4.20626166759545,130.15529274038
"81",80,4.375,4.20626166809859,4.20626166761124,130.155292740379
"82",81,4.375,4.20626166803937,4.20626166762577,130.155292740378
"83",82,4.375,4.20626166798475,4.20626166763916,130.155292740377
"84",83,4.375,4.20626166793437,4.20626166765148,130.155292740376
"85",84,4.375,4.2062616678879,4.20626166766282,130.155292740374
"86",85,4.375,4.20626166784504,4.20626166767327,130.155292740372
"87",86,4.375,4.2062616678055,4.20626166768288,130.155292740369
"88",87,4.375,4.20626166776902,4.20626166769172,130.155292740366
"89",88,4.375,4.20626166773538,4.20626166769986,130.155292740363
"90",89,4.375,4.20626166770433,4.20626166770734,130.15529274036
"91",90,4.375,4.20626166767569,4.20626166771422,130.155292740357
"92",91,4.375,4.20626166764927,4.20626166772055,130.155292740353
"93",92,4.375,4.20626166762489,4.20626166772637,130.15529274035
"94",93,4.375,4.20626166760239,4.20626166773172,130.155292740346
"95",94,4.375,4.20626166758163,4.20626166773663,130.155292740342
"96",95,4.375,4.20626166756247,4.20626166774114,130.155292740338
"97",96,4.375,4.20626166754478,4.20626166774528,130.155292740333
"98",97,4.375,4.20626166752846,4.20626166774908,130.155292740329
"99",98,4.375,4.20626166751339,4.20626166775257,130.155292740325
"100",99,4.375,4.20626166749948,4.20626166775577,130.15529274032
"101",100,4.37499999801466,4.20626166748647,4.20626166775874,130.155292740316
"102",101,4.33146802070034,4.20621436900669,4.20626569950221,130.155290848414
"103",102,4.28836919385446,4.20607785255963,4.20628536860039,130.155281143194
"104",103,4.24569920749887,4.205860036906,4.20632341716816,130.155261196404
"105",104,4.20345379460059,4.20556833747393,4.20637898809601,130.155230170129
"106",105,4.16162873064681,4.20520959053211,4.20645058081749,130.155187599733
"107",106,4.12021983313456,4.20479007652865,4.20653667192543,130.155133131081
"108",107,4.0792229608824,4.20431556334223,4.20663583268973,130.155066463626
"109",108,4.03863401404739,4.20379134101117,4.20674674937612,130.154987335532
"110",109,3.99844893405523,4.20322225650985,4.20686821457252,130.154895520859
"111",110,3.9586637024056,4.20261276036124,4.20699911820478,130.15479082474
"112",111,3.91927434038126,4.20196693585401,4.20713844901545,130.154673077381
"113",112,3.88027690921013,4.20128852328264,4.20728528386191,130.154542134029
"114",113,3.84166750144856,4.20058096158038,4.20743875851056,130.1543978798
"115",114,3.80344227139727,4.19984738430383,4.20759809926765,130.154240215991
"116",115,3.76559739112831,4.19909067126481,4.20776259112491,130.15406906562
"117",116,3.72812908850197,4.1983134625067,4.20793158064597,130.153884368074
"118",117,3.6910335857868,4.19751820116247,4.20810446230514,130.153686079404
"119",118,3.65430718951888,4.19670708910767,4.20828068984548,130.153474172094
"120",119,3.61794622541856,4.1958821628947,4.20845975977407,130.153248630579
"121",120,3.58194705853414,4.19504527207766,4.20864121834557,130.153009451516
"122",121,3.5463060897094,4.19419811146895,4.20882464904042,130.152756643179
"123",122,3.51101975453115,4.19334223713126,4.20900966175503,130.152490227054
"124",123,3.47608452422417,4.19247907112074,4.20919590448588,130.152210232054
"125",124,3.44149690523912,4.19160991110538,4.20938306752519,130.151916691018
"126",125,3.40725343880543,4.19073594252113,4.20957085751437,130.151609649282
"127",126,3.37335070055913,4.18985824808923,4.20975900660529,130.151289159127
"128",127,3.33978530019889,4.18897781610765,4.20994727277949,130.150955278122
"129",128,3.30655388115397,4.18809554795818,4.21013543693866,130.150608068967
"130",129,3.27365312025319,4.18721226514238,4.2103232994023,130.15024759966
"131",130,3.24107972739312,4.18632871582918,4.21051067811875,130.149873943051
"132",131,3.20883044520787,4.18544558088499,4.21069740781047,130.149487176094
"133",132,3.17690204874264,4.18456347940861,4.21088333886326,130.149087379301
"134",133,3.14529134515445,4.18368297345049,4.21106833598399,130.148674636442
"135",134,3.11399517336954,4.18280457307169,4.21125227674249,130.14824903423
"136",135,3.08301040372273,4.18192874135281,4.21143505032477,130.14781066193
"137",136,3.05233393767273,4.18105589773691,4.21161655685133,130.147359611038
"138",137,3.02196270753804,4.18018642090046,4.21179670665393,130.146895975063
"139",138,2.99189367618662,4.179320652232,4.21197541928675,130.146419849304
"140",139,2.96212383670313,4.17845889941504,4.21215262264272,130.145931330575
"141",140,2.93265021207688,4.17760143937756,4.21232825231765,130.145430516937
"142",141,2.903469854914,4.17674852065133,4.2125022510068,130.144917507522
"143",142,2.87457984715278,4.17590036557373,4.21267456786626,130.144392402407
"144",143,2.84597729977118,4.17505717250396,4.21284515797353,130.143855302437
"145",144,2.81765935249267,4.17421911791981,4.21301398187777,130.143306309044
"146",145,2.78962317349837,4.17338635827102,4.21318100511055,130.142745524113
"147",146,2.76186595914576,4.17255903162121,4.21334619774087,130.142173049878
"148",147,2.73438493369,4.17173725916729,4.21350953400104,130.141588988811
"149",148,2.70717734900619,4.17092114667177,4.21367099195163,130.140993443504
"150",149,2.68024048431353,4.17011078578825,4.21383055315073,130.140386516576
"151",150,2.65357164590299,4.16930625526388,4.21398820233944,130.139768310594
"152",151,2.62716816686828,4.16850762203226,4.21414392716641,130.139138927992
"153",152,2.60102740683944,4.1677149422202,4.21429771794447,130.138498471002
"154",153,2.57514675171881,4.16692826207959,4.21444956742068,130.137847041586
"155",154,2.54952361341935,4.16614761884469,4.21459947055748,130.137184741382
"156",155,2.52415542960586,4.16537304151623,4.2147474243345,130.136511671649
"157",156,2.49903966343878,4.16460455157913,4.21489342757186,130.135827933219
"158",157,2.47417380332055,4.16384216366249,4.21503748076717,130.135133626457
"159",158,2.44955536264447,4.16308588614696,4.21517958594274,130.134428851218
"160",159,2.42518187954595,4.16233572172254,4.21531974650496,130.133713706816
"161",160,2.40105091665638,4.1615916678999,4.21545796711732,130.13298829199
"162",161,2.37716006085934,4.16085371747937,4.21559425358427,130.132252704879
"163",162,2.35350692304935,4.16012185898178,4.21572861274358,130.131507042993
"164",163,2.33008913789292,4.15939607704397,4.21586105236707,130.130751403195
"165",164,2.30690436359202,4.15867635278188,4.21599158107019,130.129985881679
"166",165,2.2839502816499,4.15796266412347,4.21612020822936,130.129210573952
"167",166,2.26122459663924,4.15725498611423,4.21624694390591,130.128425574822
"168",167,2.23872503597259,4.15655329119744,4.21637179877604,130.127630978381
"169",168,2.21644934967514,4.15585754947126,4.21649478406678,130.126826877996
"170",169,2.1943953101597,4.15516772892459,4.21661591149737,130.126013366297
"171",170,2.17256071200393,4.15448379565329,4.21673519322559,130.125190535171
"172",171,2.15094337172983,4.15380571405835,4.21685264179837,130.124358475754
"173",172,2.12954112758536,4.15313344702767,4.21696827010655,130.123517278423
"174",173,2.10835183932826,4.15246695610255,4.21708209134363,130.122667032797
"175",174,2.08737338801205,4.15180620163034,4.21719411896784,130.121807827726
"176",175,2.06660367577412,4.15115114290425,4.21730436666753,130.120939751295
"177",176,2.04604062562594,4.15050173829131,4.21741284832931,130.120062890816
"178",177,2.02568218124535,4.14985794534966,4.21751957800911,130.119177332834
"179",178,2.00552630677095,4.14921972093581,4.2176245699056,130.11828316312
"180",179,1.9855709865985,4.14858702130289,4.21772783833592,130.117380466675
"181",180,1.96581422517935,4.14795980219036,4.2178293977135,130.116469327732
"182",181,1.9462540468209,4.14733801890624,4.21792926252776,130.115549829751
"183",182,1.926888495489,4.1467216264021,4.21802744732567,130.114622055431
"184",183,1.9077156346124,4.14611057934163,4.21812396669488,130.113686086704
"185",184,1.88873354688901,4.14550483216331,4.21821883524828,130.112742004741
"186",185,1.86994033409426,4.14490433913751,4.21831206761001,130.111789889956
"187",186,1.8513341168912,4.14430905441865,4.21840367840272,130.110829822007
"188",187,1.83291303464261,4.14371893209268,4.21849368223592,130.109861879801
"189",188,1.81467524522491,4.14313392622039,4.21858209369544,130.108886141501
"190",189,1.79661892484396,4.1425539908768,4.21866892733383,130.107902684525
"191",190,1.77874226785267,4.14197908018698,4.21875419766172,130.106911585554
"192",191,1.76104348657046,4.14140914835861,4.21883791913985,130.105912920535
"193",192,1.74352081110443,4.14084414971155,4.21892010617203,130.104906764687
"194",193,1.72617248917245,4.14028403870457,4.21900077309865,130.103893192506
"195",194,1.70899678592786,4.1397287699597,4.21907993419088,130.10287227777
"196",195,1.69199198378603,4.1391782982841,4.21915760364547,130.101844093542
"197",196,1.67515638225257,4.13863257868988,4.21923379558,130.100808712181
"198",197,1.6584882977533,4.138091566412,4.21930852402871,130.099766205339
"199",198,1.64198606346587,4.13755521692426,4.21938180293871,130.098716643975
"200",199,1.62564802915312,4.1370234859538,4.21945364616665,130.097660098357
"201",200,1.60947256099798,4.13649632949396,4.21952406747571,130.096596638065
"202",201,1.59345804144017,4.13597370381581,4.21959308053297,130.095526332001
"203",202,1.57760286901438,4.13545556547847,4.21966069890712,130.094449248392
"204",203,1.56190545819017,4.13494187133815,4.21972693606636,130.093365454799
"205",204,1.54636423921336,4.13443257855625,4.21979180537669,130.092275018117
"206",205,1.5309776579491,4.1339276446064,4.21985532010035,130.091178004586
"207",206,1.51574417572646,4.13342702728065,4.21991749339452,130.090074479797
"208",207,1.5006622691845,4.13293068469485,4.21997833831021,130.088964508692
"209",208,1.48573043012002,4.13243857529323,4.22003786779135,130.087848155577
"210",209,1.47094716533666,4.13195065785238,4.220096094674,130.086725484122
"211",210,1.45631099649561,4.13146689148454,4.2201530316858,130.085596557371
"212",211,1.44182045996781,4.13098723564034,4.2202086914455,130.084461437745
"213",212,1.42747410668753,4.13051165011103,4.22026308646259,130.083320187049
"214",213,1.41327050200747,4.13004009503023,4.22031622913716,130.082172866476
"215",214,1.39920822555534,4.12957253087521,4.22036813175973,130.081019536618
"216",215,1.38528587109176,4.12910891846784,4.22041880651126,130.079860257463
"217",216,1.37150204636971,4.12864921897513,4.22046826546326,130.07869508841
"218",217,1.3578553729952,4.12819339390942,4.22051652057791,130.077524088266
"219",218,1.34434448628954,4.12774140512838,4.22056358370831,130.076347315259
"220",219,1.3309680351528,4.12729321483458,4.22060946659882,130.075164827037
"221",220,1.31772468192871,4.12684878557495,4.22065418088533,130.073976680681
"222",221,1.30461310227092,4.12640808023991,4.22069773809577,130.072782932702
"223",222,1.29163198501053,4.12597106206241,4.2207401496505,130.071583639052
"224",223,1.278780032025,4.12553769461666,4.2207814268629,130.07037885513
"225",224,1.26605595810832,4.12510794181678,4.22082158093981,130.069168635783
"226",225,1.2534584908425,4.12468176791528,4.22086062298221,130.067953035315
"227",226,1.24098637047031,4.12425913750138,4.22089856398581,130.066732107489
"228",227,1.22863834976933,4.12384001549924,4.22093541484166,130.065505905538
"229",228,1.21641319392718,4.12342436716604,4.22097118633685,130.064274482164
"230",229,1.2043096804181,4.12301215809003,4.22100588915523,130.063037889545
"231",230,1.19232659888066,4.12260335418841,4.22103953387807,130.061796179342
"232",231,1.18046275099671,4.12219792170518,4.22107213098483,130.060549402703
"233",232,1.16871695037158,4.12179582720893,4.22110369085389,130.059297610267
"234",233,1.15708802241541,4.12139703759052,4.22113422376332,130.05804085217
"235",234,1.14557480422573,4.12100152006076,4.22116373989165,130.05677917805
"236",235,1.13417614447111,4.12060924214802,4.22119224931867,130.055512637052
"237",236,1.12289090327609,4.12022017169575,4.22121976202619,130.054241277832
"238",237,1.11171795210713,4.1198342768601,4.22124628789886,130.052965148562
"239",238,1.10065617365982,4.11945152610734,4.22127183672498,130.051684296936
"240",239,1.08970446174708,4.11907188821139,4.22129641819729,130.050398770173
"241",240,1.07886172118861,4.11869533225123,4.2213200419138,130.049108615023
"242",241,1.06812686770131,4.1183218276084,4.22134271737861,130.047813877771
"243",242,1.05749882779088,4.11795134396435,4.22136445400271,130.046514604241
"244",243,1.04697653864448,4.11758385129794,4.22138526110482,130.045210839803
"245",244,1.03655894802442,4.11721931988276,4.22140514791218,130.043902629373
"246",245,1.02624501416297,4.1168577202846,4.22142412356141,130.042590017424
"247",246,1.01603370565813,4.11649902335884,4.22144219709928,130.041273047983
"248",247,1.00592400137055,4.11614320024782,4.22145937748358,130.039951764642
"249",248,0.995914890321385,4.11579022237827,4.22147567358388,130.038626210557
"250",249,0.986005371591176,4.11544006145873,4.22149109418239,130.037296428456
"251",250,0.976194454219797,4.11509268947693,4.22150564797472,130.035962460642
"252",251,0.966481157107334,4.11474807869725,4.22151934357072,130.034624348996
"253",252,0.956864508915983,4.11440620165811,4.2215321894953,130.033282134984
"254",253,0.94734354797291,4.11406703116947,4.22154419418915,130.031935859658
"255",254,0.937917322174086,4.11373054031023,4.22155536600963,130.030585563663
"256",255,0.928584888889077,4.1133967024257,4.22156571323147,130.029231287238
"257",256,0.919345314866777,4.11306549112513,4.22157524404763,130.027873070222
"258",257,0.910197676142084,4.11273688027913,4.22158396657002,130.02651095206
"259",258,0.901141057943502,4.11241084401725,4.22159188883032,130.025144971801
"260",259,0.892174554601666,4.11208735672544,4.2215990187807,130.023775168107
"261",260,0.883297269458768,4.11176639304363,4.22160536429462,130.022401579256
"262",261,0.874508314778896,4.11144792786329,4.2216109331676,130.021024243144
"263",262,0.865806811659259,4.11113193632497,4.22161573311791,130.019643197291
"264",263,0.857191889942292,4.11081839381592,4.22161977178738,130.018258478842
"265",264,0.848662688128646,4.11050727596769,4.2216230567421,130.016870124575
"266",265,0.840218353291031,4.11019855865377,4.2216255954732,130.015478170899
"267",266,0.831858040988927,4.10989221798721,4.2216273953975,130.014082653862
"268",267,0.823580915184136,4.1095882303183,4.22162846385832,130.012683609155
"269",268,0.81538614815718,4.10928657223228,4.22162880812614,130.011281072111
"270",269,0.807272920424528,4.10898722054698,4.22162843539933,130.009875077713
"271",270,0.799240420656646,4.10869015231062,4.22162735280485,130.008465660596
"272",271,0.791287845596862,4.1083953447995,4.22162556739896,130.007052855049
"273",272,0.783414399981044,4.10810277551575,4.22162308616787,130.005636695021
"274",273,0.775619296458069,4.10781242218518,4.2216199160285,130.004217214124
"275",274,0.767901755511089,4.107524262755,4.2216160638291,130.002794445633
"276",275,0.760261005379577,4.10723827539169,4.22161153634992,130.001368422493
"277",276,0.752696281982154,4.10695443847884,4.22160634030394,129.999939177323
"278",277,0.745206828840175,4.10667273061498,4.22160048233744,129.998506742415
"279",278,0.737791897002086,4.10639313061147,4.22159396903076,129.997071149741
"280",279,0.730450744968523,4.10611561749042,4.22158680689885,129.995632430953
"281",280,0.723182638618165,4.10584017048258,4.22157900239199,129.99419061739
"282",281,0.715986851134321,4.10556676902529,4.22157056189637,129.992745740079
"283",282,0.708862662932245,4.10529539276043,4.22156149173477,129.991297829738
"284",283,0.701809361587182,4.10502602153241,4.22155179816716,129.989846916777
"285",284,0.694826241763117,4.10475863538613,4.2215414873913,129.988393031308
"286",285,0.687912605142251,4.10449321456506,4.22153056554341,129.986936203139
"287",286,0.681067760355158,4.10422973950918,4.22151903869873,129.985476461783
"288",287,0.674291022911658,4.10396819085312,4.22150691287212,129.984013836461
"289",288,0.667581715132357,4.10370854942418,4.22149419401871,129.982548356101
"290",289,0.660939166080887,4.10345079624042,4.22148088803441,129.981080049343
"291",290,0.654362711496807,4.10319491250878,4.22146700075659,129.979608944543
"292",291,0.647851693729179,4.10294087962321,4.22145253796456,129.978135069775
"293",292,0.6414054616708,4.1026886791628,4.22143750538022,129.976658452834
"294",293,0.635023370693092,4.10243829288995,4.2214219086686,129.975179121236
"295",294,0.628704782581639,4.10218970274853,4.22140575343841,129.973697102226
"296",295,0.622449065472365,4.10194289086211,4.22138904524264,129.972212422776
"297",296,0.616255593788345,4.10169783953214,4.22137178957905,129.970725109591
"298",297,0.610123748177249,4.10145453123622,4.22135399189076,129.96923518911
"299",298,0.604052915449408,4.10121294862632,4.22133565756679,129.967742687506
"300",299,0.598042488516488,4.10097307452703,4.22131679194259,129.966247630697
"301",300,0.592091866330789,4.10073489193389,4.22129740030056,129.964750044338
"302",301,0.586200453825132,4.10049838401168,4.22127748787057,129.963249953832
"303",302,0.580367661853358,4.1002635340927,4.22125705983052,129.961747384328
"304",303,0.574592907131408,4.10003032567513,4.22123612130682,129.960242360723
"305",304,0.568875612178998,4.09979874242139,4.2212146773749,129.958734907671
"306",305,0.563215205261869,4.09956876815649,4.22119273305975,129.957225049575
"307",306,0.557611120334612,4.09934038686641,4.22117029333637,129.955712810599
"308",307,0.552062796984064,4.09911358269652,4.22114736313029,129.954198214665
"309",308,0.546569680373267,4.09888833994995,4.2211239473181,129.952681285458
"310",309,0.541131221185981,4.09866464308608,4.22110005072785,129.951162046427
"311",310,0.535746875571756,4.09844247671894,4.22107567813961,129.949640520785
"312",311,0.530416105091543,4.09822182561568,4.22105083428591,129.948116731519
"313",312,0.525138376663853,4.09800267469506,4.2210255238522,129.946590701383
"314",313,0.519913162511444,4.09778500902593,4.22099975147736,129.945062452907
"315",314,0.514739940108547,4.09756881382574,4.22097352175412,129.943532008395
"316",315,0.509618192128611,4.09735407445905,4.22094683922953,129.941999389931
"317",316,0.504547406392568,4.09714077643607,4.22091970840543,129.940464619378
"318",317,0.499527075817621,4.09692890541125,4.22089213373888,129.938927718382
"319",318,0.494556698366528,4.09671844718176,4.22086411964262,129.937388708372
"320",319,0.489635776997402,4.09650938768615,4.22083567048548,129.935847610566
"321",320,0.484763819614005,4.0963017130029,4.22080679059286,129.934304445971
"322",321,0.479940339016539,4.09609540934904,4.22077748424712,129.932759235382
"323",322,0.475164852852925,4.09589046307877,4.22074775568803,129.93121199939
"324",323,0.470436883570566,4.09568686068209,4.2207176091132,129.929662758381
"325",324,0.465755958368595,4.09548458878345,4.22068704867848,129.928111532535
"326",325,0.461121609150591,4.09528363414041,4.22065607849836,129.926558341835
"327",326,0.456533372477769,4.09508398364232,4.22062470264644,129.925003206064
"328",327,0.451990789522639,4.09488562430901,4.22059292515577,129.923446144806
"329",328,0.44749340602312,4.09468854328948,4.22056075001929,129.921887177454
"330",329,0.443040772237115,4.09449272786061,4.22052818119022,129.920326323204
"331",330,0.438632442897533,4.09429816542593,4.22049522258246,129.918763601064
"332",331,0.434267977167768,4.09410484351428,4.22046187807095,129.917199029851
"333",332,0.42994693859761,4.09391274977864,4.22042815149211,129.915632628197
"334",333,0.4256688950796,4.09372187199485,4.22039404664419,129.914064414545
"335",334,0.421433418805821,4.09353219806041,4.22035956728763,129.912494407159
"336",335,0.417240086225118,4.09334371599325,4.22032471714548,129.910922624117
"337",336,0.413088478000737,4.09315641393052,4.22028949990374,129.90934908332
"338",337,0.408978178968396,4.09297028012746,4.22025391921176,129.907773802489
"339",338,0.404908778094767,4.09278530295616,4.22021797868254,129.90619679917
"340",339,0.400879868436371,4.09260147090443,4.22018168189318,129.904618090734
"341",340,0.396891047098885,4.09241877257464,4.22014503238516,129.903037694379
"342",341,0.392941915196851,4.09223719668257,4.22010803366473,129.901455627132
"343",342,0.389032077813789,4.09205673205632,4.22007068920326,129.899871905851
"344",343,0.3851611439627,4.09187736763513,4.22003300243758,129.898286547226
"345",344,0.381328726546976,4.09169909246832,4.21999497677032,129.896699567779
"346",345,0.37753444232168,4.09152189571418,4.21995661557026,129.895110983871
"347",346,0.373777911855228,4.09134576663889,4.21991792217265,129.893520811698
"348",347,0.370058759491442,4.09117069461543,4.21987889987957,129.891929067295
"349",348,0.366376613311988,4.09099666912255,4.21983955196022,129.890335766538
"350",349,0.362731105099179,4.09082367974367,4.21979988165129,129.888740925146
"351",350,0.359121870299155,4.09065171616587,4.21975989215725,129.887144558679
"352",351,0.355548547985429,4.09048076817886,4.2197195866507,129.885546682545
"353",352,0.352010780822792,4.09031082567394,4.21967896827265,129.883947311996
"354",353,0.34850821503158,4.09014187864301,4.21963804013287,129.882346462134
"355",354,0.345040500352294,4.08997391717754,4.21959680531017,129.880744147911
"356",355,0.341607290010576,4.08980693146761,4.21955526685273,129.879140384128
"357",356,0.338208240682532,4.08964091180091,4.21951342777841,129.877535185442
"358",357,0.334843012460397,4.08947584856176,4.21947129107502,129.875928566361
"359",358,0.331511268818543,4.08931173223018,4.21942885970063,129.874320541252
"360",359,0.32821267657983,4.08914855338091,4.21938613658389,129.872711124334
"361",360,0.324946905882286,4.08898630268247,4.21934312462431,129.871100329691
"362",361,0.321713630146118,4.08882497089622,4.21929982669252,129.869488171261
"363",362,0.31851252604106,4.08866454887547,4.21925624563061,129.867874662847
"364",363,0.315343273454033,4.08850502756454,4.21921238425235,129.866259818113
"365",364,0.312205555457137,4.08834639799784,4.21916824534355,129.864643650588
"366",365,0.309099058275957,4.08818865129899,4.21912383166226,129.863026173665
"367",366,0.306023471258188,4.08803177867995,4.21907914593911,129.861407400606
"368",367,0.302978486842564,4.0878757714401,4.21903419087751,129.859787344539
"369",368,0.299963800528106,4.0877206209654,4.21898896915402,129.858166018462
"370",369,0.296979110843671,4.08756631872753,4.21894348341852,129.856543435243
"371",370,0.294024119317802,4.087412856283,4.21889773629454,129.854919607624
"372",371,0.291098530448885,4.08726022527235,4.21885173037948,129.853294548218
"373",372,0.288202051675595,4.0871084174193,4.21880546824489,129.851668269515
"374",373,0.28533439334764,4.08695742452991,4.21875895243675,129.850040783877
"375",374,0.282495268696799,4.08680723849176,4.21871218547567,129.848412103546
"376",375,0.27968439380824,4.08665785127316,4.2186651698572,129.846782240641
"377",376,0.276901487592132,4.08650925492233,4.21861790805201,129.845151207162
"378",377,0.274146271755534,4.0863614415666,4.21857040250623,129.843519014987
"379",378,0.271418470774567,4.08621440341164,4.2185226556416,129.841885675878
"380",379,0.26871781186686,4.08606813274067,4.21847466985578,129.840251201479
"381",380,0.26604402496427,4.08592262191367,4.21842644752255,129.838615603318
"382",381,0.26339684268588,4.08577786336666,4.21837799099208,129.836978892809
"383",382,0.260776000311255,4.0856338496109,4.21832930259112,129.835341081252
"384",383,0.258181235753975,4.08549057323217,4.2182803846233,129.833702179834
"385",384,0.255612289535422,4.08534802689001,4.21823123936927,129.832062199632
"386",385,0.253068904758831,4.08520620331699,4.21818186908702,129.830421151611
"387",386,0.250550827083608,4.08506509531801,4.21813227601205,129.82877904663
"388",387,0.248057804699885,4.08492469576952,4.21808246235759,129.827135895435
"389",388,0.245589588303346,4.08478499761888,4.21803243031488,129.825491708671
"390",389,0.243145931070296,4.08464599388358,4.21798218205329,129.823846496873
"391",390,0.240726588632974,4.08450767765061,4.21793171972065,129.822200270471
"392",391,0.238331319055121,4.08437004207574,4.21788104544339,129.820553039794
"393",392,0.235959882807783,4.08423308038281,4.21783016132675,129.818904815066
"394",393,0.233612042745358,4.0840967858631,4.21777906945505,129.817255606411
"395",394,0.231287564081885,4.08396115187462,4.21772777189184,129.81560542385
"396",395,0.228986214367559,4.08382617184148,4.21767627068012,129.813954277307
"397",396,0.226707763465492,4.08369183925319,4.21762456784259,129.812302176605
"398",397,0.224451983528694,4.08355814766406,4.21757266538176,129.810649131469
"399",398,0.222218648977293,4.08342509069249,4.21752056528025,129.80899515153
"400",399,0.220007536475971,4.08329266202042,4.21746826950093,129.807340246321
"401",400,0.217818424911636,4.0831608553926,4.21741577998711,129.805684425281
"402",401,0.215651095371307,4.08302966461604,4.21736309866278,129.804027697754
"403",402,0.213505331120225,4.08289908355936,4.21731022743277,129.802370072993
"404",403,0.211380917580176,4.08276910615218,4.21725716818294,129.800711560156
"405",404,0.209277642308036,4.08263972638451,4.21720392278037,129.799052168313
"406",405,0.207195294974524,4.08251093830614,4.21715049307357,129.797391906442
"407",406,0.205133667343172,4.08238273602608,4.21709688089264,129.795730783431
"408",407,0.203092553249499,4.08225511371193,4.21704308804945,129.794068808083
"409",408,0.201071748580395,4.08212806558932,4.21698911633785,129.792405989109
"410",409,0.199071051253708,4.08200158594134,4.21693496753381,129.790742335135
"411",410,0.19709026119804,4.08187566910794,4.21688064339564,129.789077854704
"412",411,0.195129180332733,4.08175030948538,4.21682614566414,129.787412556269
"413",412,0.193187612548066,4.08162550152567,4.21677147606276,129.785746448203
"414",413,0.191265363685644,4.08150123973602,4.21671663629781,129.784079538793
"415",414,0.189362241518978,4.08137751867829,4.21666162805861,129.782411836245
"416",415,0.187478055734266,4.08125433296842,4.21660645301765,129.780743348684
"417",416,0.185612617911359,4.08113167727594,4.21655111283079,129.779074084152
"418",417,0.18376574150492,4.08100954632339,4.21649560913738,129.777404050613
"419",418,0.18193724182577,4.08088793488583,4.21643994356047,129.77573325595
"420",419,0.180126936022416,4.08076683779027,4.21638411770693,129.77406170797
"421",420,0.178334643062771,4.08064624991522,4.21632813316765,129.772389414399
"422",421,0.176560183716044,4.08052616619011,4.21627199151765,129.770716382889
"423",422,0.174803380534821,4.08040658159484,4.21621569431632,129.769042621015
"424",423,0.173064057837322,4.08028749115923,4.21615924310747,129.767368136276
"425",424,0.171342041689826,4.08016888996255,4.21610263941958,129.765692936097
"426",425,0.169637159889284,4.08005077313302,4.21604588476588,129.764017027829
"427",426,0.167949241946095,4.07993313584735,4.21598898064456,129.76234041875
"428",427,0.166278119067059,4.0798159733302,4.21593192853887,129.760663116065
"429",428,0.164623624138494,4.07969928085375,4.21587472991731,129.758985126909
"430",429,0.162985591709529,4.07958305373722,4.21581738623376,129.757306458343
"431",430,0.161363857975557,4.07946728734638,4.21575989892759,129.75562711736
"432",431,0.159758260761852,4.07935197709312,4.21570226942389,129.753947110884
"433",432,0.158168639507354,4.07923711843496,4.21564449913352,129.752266445768
"434",433,0.156594835248615,4.07912270687461,4.2155865894533,129.750585128798
"435",434,0.155036690603896,4.07900873795952,4.21552854176616,129.748903166692
"436",435,0.153494049757434,4.07889520728144,4.21547035744124,129.747220566103
"437",436,0.15196675844386,4.07878211047598,4.21541203783406,129.745537333615
"438",437,0.15045466393277,4.07866944322213,4.21535358428664,129.743853475748
"439",438,0.148957615013451,4.07855720124192,4.21529499812763,129.742168998957
"440",439,0.147475461979765,4.07844538029989,4.21523628067246,129.740483909633
"441",440,0.146008056615173,4.07833397620274,4.21517743322345,129.738798214103
"442",441,0.144555252177915,4.07822298479888,4.21511845706996,129.737111918631
"443",442,0.143116903386339,4.07811240197801,4.21505935348852,129.735425029419
"444",443,0.141692866404364,4.07800222367073,4.21500012374294,129.733737552607
"445",444,0.140282998827108,4.07789244584812,4.21494076908444,129.732049494275
"446",445,0.138887159666637,4.07778306452134,4.21488129075178,129.73036086044
"447",446,0.137505209337871,4.07767407574122,4.21482168997141,129.728671657062
"448",447,0.136137009644627,4.07756547559789,4.21476196795753,129.72698189004
"449",448,0.134782423765795,4.07745726022036,4.21470212591229,129.725291565214
"450",449,0.133441316241658,4.07734942577617,4.21464216502583,129.723600688368
"451",450,0.132113552960346,4.07724196847096,4.21458208647646,129.721909265226
"452",451,0.130799001144425,4.07713488454812,4.21452189143076,129.720217301457
"453",452,0.129497529337617,4.07702817028843,4.21446158104369,129.718524802672
"454",453,0.128209007391658,4.07692182200964,4.2144011564587,129.716831774427
"455",454,0.126933306453278,4.07681583606615,4.21434061880785,129.715138222223
"456",455,0.125670298951322,4.07671020884862,4.21427996921195,129.713444151506
"457",456,0.124419858583985,4.07660493678361,4.21421920878064,129.711749567667
"458",457,0.123181860306191,4.07650001633323,4.2141583386125,129.710054476045
"459",458,0.121956180317078,4.07639544399479,4.21409735979518,129.708358881924
"460",459,0.120742696047627,4.07629121630043,4.21403627340549,129.706662790537
"461",460,0.1195412861484,4.07618732981679,4.21397508050952,129.704966207064
"462",461,0.118351830477405,4.07608378114468,4.21391378216276,129.703269136634
"463",462,0.117174210088085,4.0759805669187,4.21385237941017,129.701571584325
"464",463,0.116008307217418,4.07587768380695,4.2137908732863,129.699873555164
"465",464,0.114854005274147,4.07577512851066,4.21372926481543,129.698175054128
"466",465,0.113711188827115,4.07567289776387,4.21366755501159,129.696476086146
"467",466,0.112579743593724,4.07557098833314,4.21360574487877,129.694776656094
"468",467,0.11145955642851,4.07546939701714,4.2135438354109,129.693076768805
"469",468,0.110350515311821,4.07536812064644,4.21348182759207,129.691376429059
"470",469,0.109252509338622,4.0752671560831,4.21341972239654,129.689675641592
"471",470,0.1081654287074,4.07516650022042,4.21335752078885,129.687974411091
"472",471,0.107089164709187,4.07506614998258,4.21329522372399,129.686272742196
"473",472,0.106023609716686,4.07496610232438,4.21323283214738,129.684570639503
"474",473,0.10496865717351,4.0748663542309,4.21317034699507,129.682868107559
"475",474,0.103924201583525,4.0747669027172,4.21310776919375,129.681165150869
"476",475,0.102890138500301,4.07466774482806,4.21304509966092,129.679461773892
"477",476,0.101866364516669,4.07456887763763,4.21298233930492,129.677757981042
"478",477,0.100852777254378,4.07447029824918,4.21291948902504,129.676053776689
"479",478,0.0998492753538556,4.07437200379479,4.21285654971163,129.674349165161
"480",479,0.0988557584640765,4.07427399143507,4.21279352224616,129.672644150742
"481",480,0.0978721272325235,4.07417625835887,4.21273040750134,129.670938737672
"482",481,0.0968982832952538,4.074078801783,4.21266720634117,129.669232930152
"483",482,0.0959341292670621,4.07398161895198,4.21260391962105,129.667526732339
"484",483,0.0949795687317422,4.0738847071377,4.21254054818786,129.665820148348
"485",484,0.0940345062324451,4.07378806363922,4.21247709288007,129.664113182256
"486",485,0.0930988472621332,4.07369168578245,4.21241355452776,129.662405838095
"487",486,0.0921724982541299,4.07359557091992,4.21234993395277,129.660698119862
"488",487,0.0912553665727623,4.07349971643046,4.21228623196875,129.65899003151
"489",488,0.0903473605040981,4.07340411971901,4.21222244938125,129.657281576955
"490",489,0.0894483892467737,4.0733087782163,4.21215858698778,129.655572760073
"491",490,0.0885583629030705,4.07321368937863,4.21209464557793,129.653863584702
"492",491,0.087677193071964,4.0729361419002,4.20411475772965,129.655486834528
"493",492,0.0868047904244917,4.07187630574905,4.18912486711918,129.66017841659
"494",493,0.0859410683283993,4.06988071281536,4.17317706473586,129.665445889691
"495",494,0.0850859404107577,4.06700006103873,4.15751403661416,129.670762203121
"496",495,0.0842393211580622,4.06332023456871,4.14236221311072,129.676017080312
"497",496,0.0834011259076795,4.05892743734396,4.12773736293838,129.681187931287
"498",497,0.0825712708405811,4.05390150536707,4.11361375245532,129.686270633182
"499",498,0.0817496729697917,4.04831512355602,4.09995944114,129.691264974011
"500",499,0.0809362501347531,4.04223416635768,4.08674345828419,129.696171600314
"501",500,0.0801309209904961,4.03571828681688,4.07393707538681,129.700991378044
"502",501,0.0793336050017954,4.02882144104556,4.06151395602444,129.705725232983
"503",502,0.0785442224426301,4.02159237339868,4.04944993923227,129.7103741511
"504",503,0.0777626943712159,4.01407520481083,4.03772286551525,129.714939142007
"505",504,0.0769889426344044,4.0063097802474,4.02631227132593,129.719421301861
"506",505,0.0762228898568052,3.9983320745866,4.01519945402932,129.723821711111
"507",506,0.0754644594318738,3.99017455090395,4.00436718091538,129.728141489326
"508",507,0.0747135755162481,3.98186647996319,3.99379956987406,129.732381785706
"509",508,0.0739701630150212,3.97343425251225,3.98348195967729,129.736543775252
"510",509,0.0732341475950682,3.96490155857733,3.9734009482148,129.740628609639
"511",510,0.072505455651626,3.95628976470533,3.96354397548397,129.744637521001
"512",511,0.0717840143148075,3.94761804751611,3.95389951378883,129.748571717967
"513",512,0.0710697514397521,3.93890361257802,3.94445689420757,129.752432417392
"514",513,0.0703625955986131,3.9301618814912,3.93520621861683,129.756220846334
"515",514,0.0696624760708046,3.92140665642663,3.92613830836379,129.759938232939
"516",515,0.0689693228523131,3.91265023431223,3.91724472533647,129.763585776522
"517",516,0.0682830666237151,3.90390361453615,3.90851743930913,129.767164747614
"518",517,0.0676036387595573,3.89517657200992,3.89994914309051,129.770676343165
"519",518,0.0669309713159375,3.88647778667414,3.89153297254496,129.774121779155
"520",519,0.0662649970298998,3.87781493779575,3.88326253544403,129.777502261104
"521",520,0.0656056493103382,3.86919480366699,3.875131846928,129.780818992474
"522",521,0.0649528622097517,3.86062336853376,3.86713534573887,129.784073148058
"523",522,0.0643065704317573,3.85210587661156,3.85926784384652,129.787265884963
"524",523,0.063666708727034,3.84364691445221,3.85152439050754,129.79039838369
"525",524,0.0630332145376368,3.83525035677871,3.84390045123772,129.793471784873
"526",525,0.0624060233456242,3.82691968914458,3.8363917009899,129.796487213397
"527",526,0.0617850722898847,3.81865783548176,3.82899412172209,129.799445771446
"528",527,0.0611702997779903,3.81046725577815,3.82170391756518,129.802348555533
"529",528,0.0605616442651709,3.80235003759737,3.81451747737461,129.805196654567
"530",529,0.0599590451111271,3.79430789951019,3.8074314523267,129.807991117277
"531",530,0.0593624418510669,3.78634224882049,3.80044264830913,129.810732986007
"532",531,0.0587717749764897,3.778454194287,3.79354806449557,129.813423278627
"533",532,0.0581869853613831,3.77064458874948,3.78674485134119,129.816062997872
"534",533,0.057608014454681,3.76291405063947,3.78003031008997,129.818653127635
"535",534,0.0570348045004559,3.75526298846327,3.77340189128323,129.82119462914
"536",535,0.0564672980870987,3.74769162596789,3.76685716547299,129.823688448272
"537",536,0.0559054384231239,3.74020001990189,3.76039382682156,129.826135510898
"538",537,0.0553491693963657,3.73278807959751,3.75400968806788,129.828536721353
"539",538,0.0547984353326161,3.72545558327131,3.74770266279555,129.830892966689
"540",539,0.0542531810640343,3.71820219262656,3.74147075627011,129.833205117816
"541",540,0.0537133522306557,3.71102746912004,3.73531207767803,129.835474021495
"542",541,0.0531788946654687,3.70393088130402,3.7292248096081,129.837700511436
"543",542,0.0526497551479224,3.69691182359854,3.72320722354562,129.839885398662
"544",543,0.0521258804960382,3.68996961546902,3.71725766090316,129.84202947919
"545",544,0.0516072185338485,3.68310352391432,3.71137453307052,129.844133530216
"546",545,0.0510937174009802,3.67631276172622,3.70555632037238,129.846198310597
"547",546,0.0505853256028636,3.66959649544299,3.69980155970054,129.848224564538
"548",547,0.0500819924521958,3.66295385953599,3.69410885369411,129.850213015305
"549",548,0.049583667795806,3.65638395842852,3.68847685969795,129.85216436933
"550",549,0.0490903018043226,3.64988586806377,3.68290426528429,129.854079326038
"551",550,0.0486018452580232,3.64345864469908,3.6773898271007,129.855958560128
"552",551,0.0481182488340889,3.63720729578005,3.6763009282695,129.855962486569
"553",552,0.0476394642584907,3.63143717856336,3.6786826580321,129.85443126674
"554",553,0.0471654436690182,3.62622427267938,3.68170052578592,129.852531433026
"555",554,0.0466961396632172,3.62154914792877,3.68477322640594,129.850508686194
"556",555,0.0462315053102957,3.61737530415657,3.68778639158383,129.848417400381
"557",556,0.0457714941466152,3.61366522144258,3.69072216550065,129.846271940666
"558",557,0.0453160601711158,3.61038350056554,3.69358228867002,129.844078118657
"559",558,0.0448651578391507,3.60749732425231,3.69637219244906,129.841839731927
"560",559,0.0444187420602592,3.6049764032196,3.69909767071689,129.83955996022
"561",560,0.0439767681908313,3.60279279375189,3.70176425274528,129.837241660333
"562",561,0.0435391920361085,3.60092075373525,3.70437707490144,129.834887446131
"563",562,0.0431059698362087,3.59933652443081,3.70694084409419,129.832499744073
"564",563,0.0426770582709558,3.59801821762328,3.70945998736495,129.830080751741
"565",564,0.0422524144470132,3.5969456358077,3.71193857604139,129.827632502634
"566",565,0.0418319958995533,3.59610016671987,3.7143803327834,129.82515688271
"567",566,0.0414157605866493,3.59546465135938,3.71678872470413,129.82265561597
"568",567,0.0410036668817991,3.59502326300922,3.71916695597594,129.820130289876
"569",568,0.0405956735788835,3.59476143321328,3.72151797855571,129.817582364553
"570",569,0.0401917398776203,3.59466571716695,3.72384452823001,129.815013182634
"571",570,0.0397918253838401,3.59472372241883,3.72614914092563,129.81242397563
"572",571,0.0393958901057613,3.5949240284314,3.72843415118569,129.80981587942
"573",572,0.0390038944495262,3.59525610932674,3.73070170439952,129.80718994342
"574",573,0.0386157992152435,3.59571026288594,3.7329538083335,129.804547122236
"575",574,0.0382315655940895,3.59627754930261,3.73519234002817,129.801888284096
"576",575,0.0378511551613254,3.59694972676651,3.73741898092604,129.799214249766
"577",576,0.0374745298753206,3.59771920148664,3.73963532379018,129.796525757248
"578",577,0.037101652073663,3.59857897680924,3.7418428362993,129.793823486338
"579",578,0.0367324844651871,3.59952260223043,3.74404287720562,129.791108061311
"580",579,0.0363669901378604,3.60054414674001,3.74623670327201,129.788380052953
"581",580,0.0360051325249833,3.60163811777384,3.74842549170853,129.785639984185
"582",581,0.0356468754851005,3.60279952625076,3.75061031497556,129.782888328541
"583",582,0.0352921830834631,3.60402367301706,3.75279217282759,129.780125536269
"584",583,0.0349410199095096,3.60530630412096,3.75497200438023,129.777352000622
"585",584,0.0345933511207435,3.60664351912935,3.75715066425022,129.774568084738
"586",585,0.0342491415834915,3.60803164274602,3.75932896603007,129.771774127212
"587",586,0.0339083569412507,3.60946734448538,3.76150765891582,129.768970429762
"588",587,0.0335709631623878,3.61094755889946,3.76368743176988,129.766157270258
"589",588,0.033236926492192,3.61246944779753,3.76586892761724,129.763334903658
"590",589,0.0329062135453566,3.61403042381766,3.76805275076058,129.760503554687
"591",590,0.0325787912498131,3.61562809186729,3.77023947431127,129.757663425527
"592",591,0.0322546268498,3.61726024258806,3.77242961480368,129.754814707586
"593",592,0.0319336879608393,3.61892486945686,3.77462363105926,129.751957578814
"594",593,0.0316159423236726,3.62062008570061,3.77682202431519,129.749092177345
"595",594,0.0313013583409114,3.62234419555718,3.77902520196581,129.746218645101
"596",595,0.0309899048411647,3.62409564289309,3.78123356150274,129.743337102311
"597",596,0.0306815502825693,3.62587296107702,3.78344748445754,129.740447659257
"598",597,0.0303762637689358,3.62767481986565,3.7856673341004,129.737550408619
"599",598,0.0300740149069199,3.62950000996646,3.78789343486623,129.734645436891
"600",599,0.0297747734710648,3.63134741537349,3.79012608396127,129.731732824636
"601",600,0.0294785095370654,3.63321601238868,3.79236557657339,129.728812636175
"602",601,0.0291851934783499,3.63510486182646,3.79461221556523,129.725884916989
"603",602,0.0288947957856819,3.63701309893177,3.79686628145826,129.722949708071
"604",603,0.0286072876831501,3.63893994581712,3.79912797951356,129.72000706571
"605",604,0.0283226404400795,3.64088468444666,3.80139754628636,129.717057022056
"606",605,0.0280408255793649,3.64284665581531,3.80367524546318,129.714099587015
"607",606,0.0277618124381633,3.64482521274949,3.80596128370033,129.711134791846
"608",607,0.0274855799778048,3.64681993947966,3.80825579536009,129.708162655836
"609",608,0.0272120936847412,3.64883020525294,3.81055908064694,129.705183167844
"610",609,0.0269413290823038,3.65085561238819,3.81287127091529,129.702196344699
"611",610,0.0266732583856576,3.65289573569751,3.81519256891603,129.699202178269
"612",611,0.0264078550184917,3.65495020543075,3.81752315898968,129.696200657883
"613",612,0.0261450923888338,3.65701868420411,3.81986317439199,129.693191788113
"614",613,0.0258849443929016,3.65910086952507,3.82221279675144,129.690175546916
"615",614,0.0256273849967905,3.66119648498652,3.82457219488332,129.687151912717
"616",615,0.0253723882650887,3.66330528182191,3.82694151964168,129.684120866263
"617",616,0.0251199287546632,3.66542704111069,3.82932089669349,129.681082393261
"618",617,0.0248699811857501,3.66756156452801,3.83171048634914,129.678036461139
"619",618,0.0246225209508873,3.66970868044159,3.83411044023306,129.674983036011
"620",619,0.0243775228045682,3.67186823141775,3.83652088343037,129.671922092298
"621",620,0.0241349624083989,3.67404008187887,3.83894198155667,129.66885358353
"622",621,0.0238948155283312,3.67622411387283,3.84137387870139,129.665777468891
"623",622,0.0236570578705742,3.67842022722454,3.84381664839014,129.6626937336
"624",623,0.0234216664045084,3.68062833716518,3.84627045876343,129.659602320693
"625",624,0.0231886169344598,3.68284836825647,3.848735453543,129.656503181459
"626",625,0.0229578861331589,3.68508026294193,3.85121172828984,129.653396283968
"627",626,0.0227294513975118,3.68732397416483,3.85369942296767,129.650281575879
"628",627,0.022503289639877,3.68957946467467,3.85619868246446,129.64715900086
"629",628,0.0222793782825085,3.69184671020186,3.85870960865059,129.644028518088
"630",629,0.0220576947715457,3.6941256931873,3.86123235822734,129.640890062597
"631",630,0.0218382170453591,3.69641640680973,3.86376706063677,129.637743578783
"632",631,0.0216209229687474,3.69871885498665,3.86631378969798,129.634589032143
"633",632,0.0214057913209775,3.7010330457639,3.86887270547674,129.631426351537
"634",633,0.0211928001438846,3.70335899579721,3.87144394578447,129.628255473332
"635",634,0.0209819278717963,3.70569673054006,3.8740276149802,129.625076346177
"636",635,0.0207731544745119,3.70804627868526,3.87662383451798,129.62188891116
"637",636,0.0205664581146167,3.71040767720025,3.87923275752431,129.618693094297
"638",637,0.0203618186324266,3.71278096874679,3.88185448417463,129.615488842784
"639",638,0.0201592151597244,3.71516620048022,3.88448916908636,129.612276080125
"640",639,0.0199586271737338,3.71756342502043,3.88713696454899,129.609054729753
"641",640,0.0197600358617514,3.71997269807691,3.88979795142527,129.605824744495
"642",641,0.0195634201494785,3.72239408605996,3.8924722481727,129.602586059071
"643",642,0.0193687609537167,3.7248276513362,3.89516003917344,129.59933858175
"644",643,0.0191760379589165,3.72727346876386,3.89786143551993,129.596082248716
"645",644,0.0189852337098792,3.72973160598007,3.90057655183677,129.592816996462
"646",645,0.0187963273930221,3.73220214683558,3.90330556079078,129.589542733597
"647",646,0.0186093010300062,3.73468517067844,3.90604856957905,129.586259397275
"648",647,0.0184241353980725,3.73718076383978,3.9088057426282,129.582966899204
"649",648,0.0182408114919157,3.73968901656786,3.91157724253712,129.579665151071
"650",649,0.0180593130072748,3.74221001188691,3.91436316117799,129.57635409584
"651",650,0.0178796197300214,3.74474385621326,3.91716362902541,129.573033655156
"652",651,0.0177017146518614,3.74729063991606,3.91997884554479,129.569703725483
"653",652,0.0175255786962681,3.74985047216122,3.92280894615622,129.566364225932
"654",653,0.0173511971531019,3.75242343998676,3.92565403761039,129.563015092565
"655",654,0.01717854973338,3.75500966540679,3.92851432469675,129.559656212748
"656",655,0.0170076205528874,3.75760925044095,3.93138992467502,129.556287514931
"657",656,0.0168383919076865,3.76022230984004,3.93428101490542,129.552908899658
"658",657,0.0166708456815178,3.7628489657161,3.9371877810668,129.549520262418
"659",658,0.0165049693827813,3.76548930642324,3.94011030920871,129.54612154781
"660",659,0.0163407420112022,3.76814348200699,3.94304881366084,129.542712633278
"661",660,0.0161781486775318,3.77081160395678,3.94600344138795,129.539293432937
"662",661,0.0160171736299577,3.77349379309224,3.94897435465862,129.53586385249
"663",662,0.0158578001156677,3.77619018150801,3.95196173167995,129.532423788538
"664",663,0.0157000123746417,3.77890089609546,3.95496576926031,129.528973131063
"665",664,0.015543794636561,3.78162606983351,3.95798661920412,129.525511787559
"666",665,0.0153891312238207,3.78436583997337,3.96102440764613,129.522039675343
"667",666,0.0152360068306025,3.7871203397749,3.96407937007283,129.518556666918
"668",667,0.015084406033213,3.78988970978959,3.96715169411632,129.51506265323
"669",668,0.0149343136112621,3.79267409372598,3.97024154251551,129.511557534958
"670",669,0.0147857146632906,3.79547363508805,3.97334910387698,129.508041202034
"671",670,0.0146385944207175,3.79828847990172,3.97647457525852,129.504513540333
"672",671,0.0144929380667969,3.80111877998869,3.97961813691864,129.50097444152
"673",672,0.0143487309294595,3.80396468713286,3.98278002349834,129.49742377455
"674",673,0.0142059584932478,3.80682635767417,3.98596043225406,129.493861423033
"675",674,0.0140646069344797,3.80970394733234,3.98915949354004,129.490287298699
"676",675,0.0139246616048367,3.81259761920821,3.99237748844076,129.486701248697
"677",676,0.0137861088641079,3.81550753381037,3.99561459653027,129.483103163187
"678",677,0.0136489349446796,3.81843385660799,3.99887102551573,129.479492919525
"679",678,0.0135131257783378,3.82137675933326,4.00214702451159,129.475870376414
"680",679,0.013378667334675,3.82433641932956,4.00544282872557,129.472235397175
"681",680,0.0132455479122702,3.82731299045265,4.00875858954481,129.468587885261
"682",681,0.0131137524190275,3.83030667425801,4.01209454593423,129.464927697228
"683",682,0.012983268486989,3.83331763809045,4.01545098298977,129.461254677781
"684",683,0.0128540821457039,3.83634607984263,4.01882813225637,129.457568687419
"685",684,0.0127261824977148,3.83939215790648,4.02222617232977,129.453869617316
"686",685,0.0125995547791775,3.84245609004083,4.02564541027977,129.450157292161
"687",686,0.0124741872921375,3.84553805669354,4.02908605482508,129.446431585832
"688",687,0.0123500670597482,3.84863826000744,4.032548393576,129.442692334574
"689",688,0.0122271808388284,3.85175691326697,4.0360327196932,129.438939369935
"690",689,0.0121055193257327,3.85489417256801,4.03953917767648,129.43517259792
"691",690,0.0119850672636095,3.85805029537369,4.04306812442832,129.431391813977
"692",691,0.0118658137131411,3.86122547405618,4.04661980936765,129.427596872509
"693",692,0.0117477470798644,3.86441991774283,4.05019449470493,129.423787618998
"694",693,0.0116308550481098,3.86763385330675,4.0537924851844,129.419963877363
"695",694,0.0115151261115265,3.87086749758748,4.05741410247807,129.416125466623
"696",695,0.0114005486970859,3.87412107963982,4.06105957035285,129.412272244112
"697",696,0.0112871112090406,3.87739483182721,4.06472919566583,129.408404031763
"698",697,0.011174802478035,3.88068898327264,4.06842331605396,129.404520639374
"699",698,0.0110636114360285,3.88400377008899,4.07214221732691,129.400621896931
"700",699,0.010953526689271,3.88733944114631,4.07588622044175,129.39670761704
"701",700,0.0108445372821655,3.89069624068186,4.07965568177061,129.392777598516
"702",701,0.0107366323171663,3.89407442185444,4.08345089565163,129.388831664218
"703",702,0.0106298009702809,3.89747424087179,4.08727221534199,129.384869611769
"704",703,0.0105240325431879,3.90089596117654,4.09111994293076,129.380891258656
"705",704,0.0104193166789691,3.90433984198267,4.09499445240579,129.376896393268
"706",705,0.0103156428462531,3.9078061571781,4.0988960817404,129.372884815956
"707",706,0.0102130004891162,3.91129518530493,4.10282524990808,129.368856292254
"708",707,0.0101113794388431,3.91480720651659,4.10678229030811,129.36481062314
"709",708,0.0100107694828917,3.91834250907112,4.11076758299305,129.360747588417
"710",709,0.00991116062752637,3.92190138441348,4.11478149198161,129.356666973943
"711",710,0.00981254304656031,3.92548412688686,4.11882441194626,129.352568552208
"712",711,0.00971490661485799,3.9290910457679,4.12289680270089,129.348452065339
"713",712,0.00961824163796121,3.93272245072853,4.12699902500714,129.344317296796
"714",713,0.00952253847167176,3.93637865743839,4.13113149436494,129.340164005944
"715",714,0.00942778774429849,3.9400599819722,4.13529463493261,129.335991948505
"716",715,0.00933397969202596,3.94376676073391,4.13948894143934,129.331800846439
"717",716,0.00924110504442033,3.94749932774248,4.14371479901164,129.327590468038
"718",717,0.00914915446534057,3.95125802570966,4.14797269866052,129.323360535576
"719",718,0.00905811882819896,3.95504320267635,4.15226308041785,129.319110791538
"720",719,0.00896798909690294,3.95885521249328,4.15658643459379,129.314840956246
"721",720,0.00887875611653813,3.96269442270343,4.1609432976549,129.31055072788
"722",721,0.00879041101344422,3.96656120643307,4.1653340899394,129.306239852
"723",722,0.00870294485453645,3.97045594696566,4.16975933750534,129.301908027919
"724",723,0.00861634901264918,3.97437902526794,4.1742195957237,129.297554943253
"725",724,0.00853061496915961,3.97833083191085,4.17871537616008,129.293180301954
"726",725,0.00844573393352408,3.98231178063575,4.18324726584298,129.288783771635
"727",726,0.00836169745657965,3.98632228357602,4.18781581030382,129.284365037622
"728",727,0.00827849712643932,3.99036276619585,4.19242152549002,129.27992379486
"729",728,0.00819612460313666,3.99443365905629,4.1970650563403,129.275459683408
"730",729,0.00811457179891288,3.99853539622725,4.20174699029262,129.270972366681
"731",730,0.00803383047844424,4.00266818518227,4.20638724814445,129.266495161507
"732",731,0.0079538925295527,4.00673517057065,4.20769821576033,129.263416187642
"733",732,0.0078747499765424,4.01054427791406,4.20717929703566,129.261147003697
"734",733,0.00779639490509205,4.01405577856702,4.20633018018185,129.259070332867
"735",734,0.0077188194796292,4.01728083458062,4.20546595368471,129.257052878748
"736",735,0.00764201594259009,4.0202398735663,4.2046492901841,129.255064763699
"737",736,0.00756597661357891,4.02295383586347,4.2038894562221,129.253098258922
"738",737,0.00749069388853762,4.02544243243851,4.20318461348959,129.251150487956
"739",738,0.00741616023909998,4.02772387501992,4.20253090642714,129.24921969157
"740",739,0.00734236821190095,4.02981492149857,4.20192432015731,129.247304445543
"741",740,0.00726931042726133,4.03173098581677,4.20136105803961,129.245403483108
"742",741,0.00719697957996166,4.03348621590553,4.20083761109134,129.243515651636
"743",742,0.00712536843565983,4.03509364389854,4.20035078138775,129.241639875131
"744",743,0.00705446983610027,4.03656518999794,4.19989761104934,129.239775183088
"745",744,0.00698427668856968,4.03791188928586,4.19947531137414,129.237920698105
"746",745,0.00691478197451531,4.03914383264703,4.1990814312014,129.236075576669
"747",746,0.00684597874469483,4.04027030377138,4.19871365973947,129.234239065963
"748",747,0.00677786011962238,4.04129982949523,4.19836988278304,129.232410471152
"749",748,0.00671041928612512,4.0422402673721,4.1980481558919,129.230589150365
"750",749,0.006643649499817,4.04309882827425,4.19774669361425,129.228774515017
"751",750,0.00657754408207573,4.04388215157808,4.19746384778841,129.22696602494
"752",751,0.00651209642441196,4.04459630630055,4.19719811452179,129.225163185278
"753",752,0.0064472999823315,4.04524688694336,4.19694811512759,129.223365536708
"754",753,0.00638314827390408,4.04583905365764,4.19671257700156,129.221572655987
"755",754,0.00631963488906424,4.04637750237392,4.19649032239831,129.219784166142
"756",755,0.0062567534714565,4.04686660922398,4.19628026687885,129.217999710435
"757",756,0.00619449770795401,4.04731037396126,4.19608143273703,129.21621895722
"758",757,0.00613286140293304,4.04771244593434,4.1958929125589,129.214441610323
"759",758,0.00607183847746103,4.04807615140438,4.19571388227664,129.212667398557
"760",759,0.00601142267739242,4.0484046831777,4.19554355104701,129.210896061562
"761",760,0.00595160802480769,4.04870085249452,4.19538122466053,129.209127369232
"762",761,0.00589238853626715,4.04896728536146,4.19522625423984,129.207361106808
"763",762,0.00583375828980227,4.04920638816034,4.19507804169484,129.205597078959
"764",763,0.00577571142467967,4.04942036445642,4.19493603840456,129.203835107231
"765",764,0.00571824213577241,4.04961124964832,4.19479974546849,129.20207502353
"766",765,0.00566134467565736,4.04978091388072,4.19466870856004,129.200316671734
"767",766,0.00560501335514375,4.04993107371408,4.19454249094281,129.198559916774
"768",767,0.00554924254052059,4.05006330959405,4.19442069589876,129.196804632062
"769",768,0.00549402660477949,4.05017908378457,4.19430297422039,129.195050693063
"770",769,0.00543936020420868,4.05027968412684,4.19418900432619,129.193297995954
"771",770,0.00538523766826301,4.0503663901093,4.1940784682104,129.191546436979
"772",771,0.00533165366037979,4.05044030955834,4.19397109203029,129.189795925698
"773",772,0.00527860282227505,4.05050247724113,4.19386662167695,129.188046376953
"774",773,0.00522607984550405,4.05055385000232,4.19376482070797,129.186297712625
"775",774,0.00517407948181667,4.05059529568754,4.19366547067392,129.184549863542
"776",775,0.00512259653076342,4.05062761908311,4.19356837067957,129.182802764876
"777",776,0.00507162584357917,4.05065155999504,4.19347334487362,129.181056353372
"778",777,0.00502116232317033,4.05066779725759,4.1933802253671,129.179310573721
"779",778,0.00497120092317255,4.05067695481715,4.19328885383921,129.177565376775
"780",779,0.00492173664741748,4.05067960620623,4.19319908750728,129.175820716222
"781",780,0.0048727645494353,4.05067627862561,4.19311079733974,129.174076548587
"782",781,0.00482427973197115,4.05066745667291,4.19302386442192,129.172332834051
"783",782,0.00477627734650104,4.05065358574994,4.19293817843383,129.170589536455
"784",783,0.00472875259274686,4.05063507520059,4.19285363775666,129.168846622678
"785",784,0.00468170071819443,4.05061230122652,4.19277014932607,129.167104062158
"786",785,0.0046351170176174,4.0505856095859,4.19268762780553,129.165361826739
"787",786,0.00458899683260677,4.05055531806658,4.19260599469567,129.163619890583
"788",787,0.00454333555110546,4.05052171874574,4.19252517774967,129.161878229997
"789",788,0.00449812860694719,4.05048508006356,4.19244511056449,129.160136823222
"790",789,0.00445337147939986,4.05044564873384,4.19236573215253,129.158395650254
"791",790,0.00440905969271345,4.05040365150368,4.19228698647891,129.156654692716
"792",791,0.00436518881571587,4.05035929661267,4.19220882207609,129.154913933745
"793",792,0.00432175446130545,4.05031277553279,4.19213119160678,129.153173357855
"794",793,0.00427875228596722,4.05026426448418,4.19205405150799,129.151432950805
"795",794,0.00423617798939701,4.05021392543684,4.19197736175497,129.149692699513
"796",795,0.00419402731412718,4.05016190706002,4.19190108560993,129.147952591981
"797",796,0.00415229604508121,4.05010834588828,4.19182518932345,129.14621261721
"798",797,0.00411098000911145,4.05005336746013,4.19174964186698,129.144472765097
"799",798,0.00407007507457369,4.04999708722831,4.19167441471414,129.142733026358
"800",799,0.00402957715093124,4.04993961130392,4.19159948164773,129.140993392473
"801",800,0.00398948218835749,4.04988103717048,4.19152481857841,129.139253855627
"802",801,0.00394978617732725,4.04982145440099,4.19145040337196,129.137514408652
"803",802,0.00391048514820847,4.04976094532699,4.19137621568752,129.13577504497
"804",803,0.00387157517086414,4.04969958562655,4.19130223682995,129.134035758543
"805",804,0.00383305235426246,4.04963744484845,4.19122844961759,129.132296543837
"806",805,0.00379491284608965,4.04957458690103,4.19115483826231,129.130557395776
"807",806,0.00375715283236393,4.04951107051285,4.19108138825733,129.128818309707
"808",807,0.00371976853705281,4.04944694965719,4.19100808627196,129.127079281363
"809",808,0.00368275622169535,4.0493822739368,4.19093492005535,129.125340306834
"810",809,0.00364611218502887,4.04931708893469,4.19086187834973,129.123601382539
"811",810,0.00360983276261919,4.04925143653815,4.19078895081099,129.121862505197
"812",811,0.00357391432649398,4.04918535523877,4.19071612793464,129.120123671801
"813",812,0.00353835328477975,4.04911888040813,4.1906434009872,129.118384879602
"814",813,0.00350314608134265,4.04905204455017,4.19057076194366,129.116646126081
"815",814,0.00346828919543293,4.04898487753271,4.19049820343056,129.114907408935
"816",815,0.00343377914133298,4.04891740680046,4.1904257186733,129.113168726058
"817",816,0.00339961246800865,4.04884965757138,4.19035330144763,129.111430075524
"818",817,0.00336578575876414,4.04878165301699,4.19028094603486,129.109691455574
"819",818,0.00333229563090033,4.04871341442794,4.19020864718105,129.1079528646
"820",819,0.00329913873537651,4.04864496136613,4.19013640005949,129.106214301137
"821",820,0.00326631175647551,4.04857631180452,4.19006420023605,129.104475763845
"822",821,0.00323381141147208,4.04850748225582,4.18999204363737,129.102737251506
"823",822,0.00320163445030464,4.04843848789064,4.18991992652167,129.100998763008
"824",823,0.00316977765525026,4.04836934264616,4.18984784545189,129.099260297339
"825",824,0.00313823784060288,4.04830005932586,4.18977579727105,129.097521853581
"826",825,0.00310701185235476,4.04823064969135,4.18970377907955,129.095783430895
"827",826,0.00307609656788105,4.04816112454666,4.18963178821432,129.094045028525
"828",827,0.00304548889562754,4.04809149381578,4.18955982222967,129.092306645781
"829",828,0.00301518577480149,4.04802176661389,4.1894878788797,129.090568282042
"830",829,0.00298518417506558,4.04795195131283,4.18941595610209,129.088829936742
"831",830,0.00295548109623483,4.04788205560129,4.18934405200324,129.087091609375
"832",831,0.0029260735679766,4.04781208654012,4.18927216484462,129.08535329948
"833",832,0.00289695864951356,4.04774205061319,4.18920029303017,129.083615006647
"834",833,0.0028681334293296,4.04767195377405,4.18912843509479,129.081876730504
"835",834,0.00283959502487869,4.04760180148898,4.18905658969371,129.080138470721
"836",835,0.00281134058229659,4.04753159877636,4.18898475559274,129.078400227002
"837",836,0.0027833672761155,4.047461350243,4.18891293165929,129.076661999082
"838",837,0.0027556723089815,4.04739106011749,4.18884111685417,129.074923786729
"839",838,0.00272825291137478,4.04732073228083,4.188769310224,129.073185589737
"840",839,0.00270110634133275,4.04725037029458,4.18869751089421,129.071447407925
"841",840,0.00267422988417576,4.04717997742679,4.18862571806273,129.069709241134
"842",841,0.00264762085223572,4.04710955667576,4.18855393099401,129.067971089227
"843",842,0.00262127658458726,4.04703911079194,4.18848214901373,129.066232952087
"844",843,0.00259519444678164,4.04696864229799,4.18841037150372,129.064494829614
"845",844,0.00256937183058337,4.04689815350728,4.1883385978975,129.062756721722
"846",845,0.00254380615370929,4.04682764654088,4.18826682767601,129.061018628342
"847",846,0.00251849485957042,4.04675712334311,4.18819506036377,129.059280549419
"848",847,0.00249343541701625,4.04668658569598,4.1881232955254,129.057542484909
"849",848,0.00246862532008165,4.04661603523226,4.18805153276227,129.055804434779
"850",849,0.00244406208773624,4.04654547344769,4.18797977170958,129.054066399007
"851",850,0.00241974326363632,4.04647490171204,4.18790801203356,129.052328377579
"852",851,0.00239566641587922,4.0464043212794,4.18783625342899,129.050590370492
"853",852,0.00237182913676009,4.04633373329757,4.18776449561683,129.048852377747
"854",853,0.00234822904253116,4.04626313881668,4.18769273834214,129.047114399357
"855",854,0.00232486377316334,4.04619253879717,4.18762098137206,129.045376435337
"856",855,0.00230173099211022,4.04612193411706,4.18754922449403,129.04363848571
"857",856,0.00227882838607442,4.04605132557871,4.18747746751417,129.041900550503
"858",857,0.00225615366477625,4.04598071391491,4.18740571025568,129.040162629749
"859",858,0.00223370456072468,4.04591009979464,4.18733395255751,129.038424723484
"860",859,0.0022114788289906,4.04583948382819,4.18726219427305,129.036686831751
"861",860,0.00218947424698232,4.04576886657204,4.18719043526894,129.034948954591
"862",861,0.0021676886142233,4.04569824853316,4.18711867542399,129.033211092054
"863",862,0.00214611975213211,4.04562763017314,4.18704691462818,129.031473244189
"864",863,0.00212476550380457,4.04555701191187,4.18697515278175,129.029735411048
"865",864,0.00210362373379804,4.04548639413094,4.18690338979435,129.027997592688
"866",865,0.0020826923279179,4.04541577717682,4.18683162558427,129.026259789164
"867",866,0.00206196919300614,4.04534516136371,4.1867598600777,129.024522000536
"868",867,0.00204145225673198,4.04527454697618,4.18668809320815,129.022784226865
"869",868,0.00202113946738471,4.04520393427167,4.18661632491575,129.021046468211
"870",869,0.00200102879366845,4.04513332348266,4.18654455514679,129.019308724638
"871",870,0.00198111822449909,4.04506271481875,4.18647278385313,129.017570996211
"872",871,0.0019614057688031,4.04499210846858,4.1864010109918,129.015833282993
"873",872,0.0019418894553185,4.04492150460152,4.18632923652455,129.014095585052
"874",873,0.00192256733239767,4.04485090336928,4.18625746041743,129.012357902452
"875",874,0.00190343746781222,4.04478030490741,4.18618568264047,129.010620235262
"876",875,0.00188449794855975,4.04470970933661,4.1861139031673,129.008882583549
"877",876,0.00186574688067254,4.04463911676398,4.18604212197491,129.00714494738
"878",877,0.0018471823890282,4.04456852728416,4.18597033904331,129.005407326824
"879",878,0.00182880261716207,4.04449794098037,4.18589855435528,129.003669721948
"880",879,0.00181060572708166,4.04442735792539,4.18582676789618,129.001932132822
"881",880,0.00179258989908279,4.04435677818239,4.18575497965368,129.000194559512
"882",881,0.00177475333156766,4.04428620180583,4.18568318961758,128.998457002089
"883",882,0.00175709424086464,4.04421562884212,4.18561139777963,128.99671946062
"884",883,0.00173961086104995,4.04414505933033,4.18553960413336,128.994981935173
"885",884,0.00172230144377105,4.04407449330286,4.18546780867391,128.993244425816
"886",885,0.00170516425807177,4.04400393078594,4.18539601139792,128.991506932617
"887",886,0.00168819759021926,4.04393337180025,4.18532421230337,128.989769455644
"888",887,0.00167139974353261,4.04386281636132,4.18525241138948,128.988031994964
"889",888,0.00165476903821315,4.04379226448004,4.18518060865656,128.986294550643
"890",889,0.00163830381117648,4.04372171616304,4.18510880410598,128.98455712275
"891",890,0.00162200241588618,4.04365117141308,4.18503699774002,128.982819711349
"892",891,0.00160586322218913,4.04358063022939,4.18496518956178,128.981082316507
"893",892,0.00158988461615252,4.04351009260801,4.18489337957515,128.97934493829
"894",893,0.00157406499990243,4.04343955854202,4.18482156778471,128.977607576763
"895",894,0.00155840279146405,4.0433690280219,4.18474975419566,128.97587023199
"896",895,0.00154289642460349,4.04329850103568,4.18467793881374,128.974132904035
"897",896,0.00152754434867113,4.04322797756925,4.18460612164525,128.972395592963
"898",897,0.00151234502844659,4.04315745760652,4.18453430269691,128.970658298837
"899",898,0.00149729694398518,4.04308694112961,4.18446248197586,128.96892102172
"900",899,0.00148239859046592,4.04301642811905,4.18439065948961,128.967183761674
"901",900,0.00146764847804103,4.04294591855391,4.18431883524601,128.965446518762
"902",901,0.00145304513168699,4.04287541241197,4.18424700925319,128.963709293044
"903",902,0.00143858709105699,4.04280490966985,4.18417518151956,128.961972084581
"904",903,0.00142427291033492,4.04273441030312,4.18410335205372,128.960234893435
"905",904,0.00141010115809077,4.04266391428644,4.18403152086453,128.958497719665
"906",905,0.00139607041713751,4.04259342159364,4.18395968796098,128.95676056333
"907",906,0.00138217928438936,4.0425229321978,4.18388785335223,128.95502342449
"908",907,0.00136842637072146,4.04245244607141,4.18381601704759,128.953286303203
"909",908,0.00135481030083099,4.04238196318634,4.18374417905647,128.951549199526
"910",909,0.00134132971309961,4.04231148351403,4.18367233938836,128.949812113518
"911",910,0.00132798325945732,4.04224100702544,4.18360049805286,128.948075045234
"912",911,0.00131476960524762,4.04217053369123,4.18352865505961,128.946337994732
"913",912,0.00130168742909409,4.04210006348172,4.18345681041831,128.944600962068
"914",913,0.0012887354227682,4.04202959636698,4.18338496413872,128.942863947296
"915",914,0.00127591229105854,4.04195913231689,4.18331311623058,128.941126950471
"916",915,0.00126321675164124,4.04188867130116,4.1832412667037,128.939389971648
"917",916,0.00125064753495179,4.04181821328937,4.18316941556787,128.937653010881
"918",917,0.00123820338405804,4.04174775825101,4.18309756283287,128.935916068223
"919",918,0.00122588305453452,4.04167730615554,4.18302570850849,128.934179143727
"920",919,0.00121368531433803,4.04160685697236,4.1829538526045,128.932442237445
"921",920,0.00120160894368438,4.04153641067089,4.18288199513065,128.930705349429
"922",921,0.00118965273492644,4.04146596722058,4.18281013609665,128.92896847973
"923",922,0.00117781549243337,4.04139552659092,4.1827382755122,128.9272316284
"924",923,0.00116609603247105,4.04132508875146,4.18266641338694,128.925494795488
"925",924,0.00115449318308372,4.04125465367186,4.18259454973048,128.923757981044
"926",925,0.00114300578397678,4.04118422132185,4.18252268455238,128.922021185118
"927",926,0.00113163268640074,4.04111379167132,4.18245081786214,128.920284407759
"928",927,0.00112037275303637,4.04104336469025,4.18237894966923,128.918547649016
"929",928,0.00110922485788094,4.04097294034879,4.18230707998305,128.916810908935
"930",929,0.00109818788613566,4.04090251861723,4.18223520881294,128.915074187565
"931",930,0.00108726073409415,4.04083209946606,4.18216333616819,128.913337484953
"932",931,0.00107644230903209,4.04076168286589,4.18209146205802,128.911600801146
"933",932,0.00106573152909797,4.04069126878756,4.18201958649158,128.909864136189
"934",933,0.00105512732320487,4.04062085720206,4.18194770947797,128.908127490128
"935",934,0.00104462863092337,4.04055044808062,4.18187583102622,128.906390863009
"936",935,0.00103423440237548,4.04048004139462,4.18180395114527,128.904654254876
"937",936,0.00102394359812969,4.04040963711569,4.18173206984403,128.902917665773
"938",937,0.00101375518909699,4.04033923521565,4.18166018713129,128.901181095746
"939",938,0.00100366815642801,4.04026883566654,4.18158830301582,128.899444544836
"940",939,0.00099368149141105,4.04019843844061,4.18151641750629,128.897708013088
"941",940,0.000983794195371303,4.04012804351033,4.18144453061129,128.895971500543
"942",941,0.000974005279570921,4.04005765084841,4.18137264233936,128.894235007245
"943",942,0.000964313765110167,4.03998726042776,4.18130075269896,128.892498533235
"944",943,0.000954718682829518,4.03991687222154,4.18122886169848,128.890762078554
"945",944,0.00094521907321275,4.03984648620311,4.18115696934621,128.889025643243
"946",945,0.000935813986290985,4.03977610234609,4.18108507565041,128.887289227343
"947",946,0.000926502481547693,4.03970572062431,4.18101318061924,128.885552830894
"948",947,0.000917283627824642,4.03963534101183,4.18094128426079,128.883816453936
"949",948,0.000908156503228775,4.03956496348294,4.18086938658308,128.882080096509
"950",949,0.000899120195040028,4.03949458801217,4.18079748759406,128.880343758651
"951",950,0.00089017379962005,4.03942421457427,4.1807255873016,128.8786074404
"952",951,0.000881316422321846,4.03935384314422,4.1806536857135,128.876871141796
"953",952,0.000872547177400304,4.03928347369723,4.1805817828375,128.875134862877
"954",953,0.000863865187923624,4.03921310620874,4.18050987868125,128.873398603678
"955",954,0.000855269585685623,4.03914274065442,4.18043797325233,128.871662364239
"956",955,0.000846759511118916,4.03907237701016,4.18036606655826,128.869926144594
"957",956,0.000838334113208952,4.03900201525208,4.1802941586065,128.868189944782
"958",957,0.00082999254940892,4.03893165535653,4.1802222494044,128.866453764838
"959",958,0.00082173398555549,4.03886129730006,4.18015033895927,128.864717604797
"960",959,0.000813557595785392,4.03879094105948,4.18007842727836,128.862981464695
"961",960,0.000805462562452838,4.03872058661179,4.18000651436882,128.861245344567
